SIMNO,PUK
1.23457E+14,0
1.23457E+14,0
